MR,Isp_s,Pc_psia,P_out_psia,MW_gmol,Gamma,SlagFraction,MW_kg_per_mol,R_specific_J_per_kgK,cp_J_per_kgK,cv_J_per_kgK,T_chamber_K,T_exit_K
,,,,,,,,,,,,
1.5,341.16668333440043,6949.113214210881,5394.038678099775,20.85616707297914,1.100363398651668,2.85539292,0.02085616707297914,398.6572695289396,4370.795268886275,3972.137999357335,,
1.717948717948718,345.88059223651203,6909.378810199919,5351.038245660076,20.253346077530963,1.1029987801091063,2.85539292,0.020253346077530963,410.5229124276553,4396.229461503182,3985.706549075527,,
1.935897435897436,349.7192497712101,6869.035404140526,5309.495170587839,19.774510296217866,1.1049952713088849,2.85539292,0.019774510296217865,420.46364201208513,4425.059627817256,4004.5959858051706,,
2.1538461538461537,352.90945999356006,6830.561858647862,5270.996364627821,19.38457998708437,1.1065492323026074,2.85539292,0.019384579987084368,428.92147385669597,4454.492231969045,4025.570758112349,,
2.371794871794872,355.6041095239647,6794.814327377319,5235.859279107542,19.06057516765656,1.1077876746520157,2.85539292,0.01906057516765656,436.21257727111276,4483.174149448934,4046.961572177821,,
2.58974358974359,357.9107153874497,6761.969219907679,5203.942419178215,18.7868412942115,1.108795197612152,2.85539292,0.018786841294211497,442.56841732702816,4510.472396919554,4067.9039795925255,,
2.8076923076923075,359.907387845383,6731.92077585009,5174.9544895548615,18.55235180265056,1.1096297244768716,2.85539292,0.01855235180265056,448.1621902493979,4536.1245780774,4087.9623878280017,,
3.025641025641025,361.6524242277742,6704.454410884214,5148.574106403224,18.349110202868594,1.1103318118187029,2.85539292,0.018349110202868595,453.12620210071026,4560.066844435913,4106.940642335202,,
3.243589743589744,363.1902611264051,6679.325321519601,5124.496229367244,18.171175615856672,1.1109306497161804,2.85539292,0.018171175615856672,457.56327460166136,4582.331999677658,4124.768725075997,,
3.4615384615384617,364.55541708990296,6656.292156068825,5102.447118301212,18.01403740162909,1.1114476360375636,2.85539292,0.018014037401629088,461.5546439023895,4603.003133189519,4141.448489287129,,
3.67948717948718,365.7751545272264,6635.13069590191,5082.186935207487,17.874205447930553,1.111898649646602,2.85539292,0.017874205447930554,465.1654386749747,4622.19003319921,4157.024594524235,,
3.897435897435898,366.8712719924478,6615.639513064006,5063.50842798545,17.74893734194634,1.1122958368481868,2.85539292,0.017748937341946342,468.4484742927983,4640.005385401586,4171.556911108787,,
4.115384615384615,367.861431359827,6597.640024009788,5046.232903307649,17.636045883405707,1.112648547350076,2.85539292,0.017636045883405706,471.44709608498874,4656.561837244326,4185.114741159337,,
4.333333333333334,368.76008943527535,6580.975119630721,5030.20649315406,17.533765071525256,1.11296408946812,2.85539292,0.017533765071525254,474.197218009718,4671.966794539988,4197.76957653027,,
4.551282051282051,369.5792090370929,6565.506796053543,5015.296214885992,17.440651121117423,1.113248259120906,2.85539292,0.017440651121117423,476.72891111765625,4686.320429947901,4209.591518830246,,
4.769230769230769,370.3287546853391,6551.114326705429,5001.387265257205,17.35551394883852,1.1135057005185152,2.85539292,0.01735551394883852,479.06749651223475,4699.714515329486,4220.647018817252,,
4.987179487179487,371.0171034113615,6537.691824201438,4988.379738268486,17.277362435534503,1.1137401789885208,2.85539292,0.017277362435534502,481.2344852506429,4712.232620915712,4230.998135665069,,
5.205128205128205,371.6513551092603,6525.146095989757,4976.186594826443,17.20536331669438,1.1139547807880916,2.85539292,0.01720536331669438,483.24830258514265,4723.950616635336,4240.702314050193,,
5.423076923076923,372.2375520255736,6513.395266989499,4964.731776377102,17.138812535351928,1.1141520536502234,2.85539292,0.01713881253535193,485.1247775190459,4734.936865924662,4249.812088405616,,
5.641025641025641,372.7808776061652,6502.367014767975,4953.948423097626,17.077109913598935,1.1143341221030587,2.85539292,0.017077109913598936,486.87761923533805,4745.2530742589515,4258.3754550236135,,
5.85897435897436,373.2857989221411,6491.997377232985,4943.777631009485,17.019741081053564,1.1145027702753991,2.85539292,0.017019741081053565,488.5187488198001,4754.954815343146,4266.436066523346,,
6.076923076923077,373.7561942587798,6482.229450851235,4934.167140118852,16.966261645579515,1.1146595102553805,2.85539292,0.016966261645579513,490.05861113308583,4764.092313541034,4274.033702407948,,
6.294871794871795,374.195434918454,6473.012723727532,4925.07066908055,16.916286954323418,1.1148056283550325,2.85539292,0.016916286954323418,491.5063595577191,4772.710744744762,4281.204385187044,,
6.512820512820513,374.6064724691881,6464.302069642592,4916.446931939942,16.86948150894999,1.114942228282306,2.85539292,0.01686948150894999,492.87007509638386,4780.8509369765015,4287.980861880117,,
6.730769230769231,374.9918983781483,6456.057139149799,4908.259053203984,16.82555171192469,1.115070261515961,2.85539292,0.01682555171192469,494.1569085226829,4788.549760442468,4294.392851919786,,
6.948717948717949,375.3540035220567,6448.241615743195,4900.473852928084,16.784238760976397,1.1151905550038883,2.85539292,0.016784238760976396,495.37323298119946,4795.840688533245,4300.467455552045,,
7.166666666666667,375.6948111800794,6440.8229325802495,4893.061590574924,16.74531466121743,1.1153038281022036,2.85539292,0.016745314661217432,496.5247166964108,4802.753962236277,4306.2292455398665,,
7.384615384615385,376.01611913712594,6433.77171236768,4885.9954342165975,16.708577267879253,1.11541071108772,2.85539292,0.016708577267879252,497.6164328567371,4809.317038171564,4311.700605314826,,
7.602564102564102,376.3195351547448,6427.061300697525,4879.251008268477,16.673846244947843,1.1155117600525744,2.85539292,0.016673846244947842,498.65295001580773,4815.554967514713,4316.9020174989055,,
7.82051282051282,376.606489765863,6420.667633526832,4872.806332992884,16.640961071694132,1.1156074651247725,2.85539292,0.016640961071694133,499.6383671791611,4821.490478026093,4321.852110846932,,
8.038461538461538,376.8782701768042,6414.568823399848,4866.641362389968,16.609777829910243,1.1156982616894584,2.85539292,0.016609777829910244,500.5763895999185,4827.1443283948665,4326.567938794948,,
8.256410256410255,377.1360319291215,6408.744973041282,4860.737867067506,16.580167369038065,1.115784537182012,2.85539292,0.016580167369038064,501.47036716165684,4832.535458982602,4331.065091820945,,
8.474358974358974,377.3808204235866,6403.177855722254,4855.07911984731,16.552012949878286,1.1158666390796372,2.85539292,0.016552012949878285,502.3233514455642,4837.681271858775,4335.357920413211,,
8.692307692307693,377.6135773809566,6397.850888543264,4849.649888335432,16.52520950464953,1.1159448779356522,2.85539292,0.016525209504649533,503.1381064072974,4842.59764412428,4339.459537716983,,
8.91025641025641,377.8351563011818,6392.748883623901,4844.436200609496,16.499661868642907,1.116019533216777,2.85539292,0.016499661868642906,503.9171520208312,4847.299150285604,4343.381998264772,,
9.128205128205128,378.04633533948777,6387.857839143114,4839.425148298498,16.475283309129328,1.116090858130913,2.85539292,0.016475283309129327,504.66280076325046,4851.79924964843,4347.13644888518,,
9.346153846153848,378.247819944749,6383.164953226076,4834.604915917132,16.451995236624505,1.116159080883028,2.85539292,0.016451995236624505,505.3771593395585,4856.110270326143,4350.7331109865845,,
9.564102564102564,378.44025456787045,6378.65841776885,4829.964583750168,16.429725870990488,1.116224408894481,2.85539292,0.016429725870990487,506.06216338848697,4860.24359741011,4354.181434021623,,
9.782051282051285,378.6242274205699,6374.327363155242,4825.494083613683,16.408409709115205,1.116287030608475,2.85539292,0.016408409709115203,506.71958864693556,4864.209723148712,4357.490134501777,,
10.0,378.8002796100289,6370.161692105444,4821.184038980234,16.38798648512431,1.1163471187306688,2.85539292,0.01638798648512431,507.3510785294116,4868.018399426935,4360.667320897523,,
